Isolate,Habitat,Country/Province,Clade
ERR375041,Clinical,United Kingdom,Clade A
ERR374759,Clinical,United Kingdom,Clade A
ERR375156,Clinical,United Kingdom,Clade A
ERR374770,Clinical,United Kingdom,Clade A
ERR375483,Clinical,United Kingdom,Clade A
ERR374914,Clinical,United Kingdom,Clade A
ERR985024,Wastewater Mun.,United Kingdom,Clade A
ERR985045,Wastewater Mun.,United Kingdom,Clade A
ERR375099,Clinical,United Kingdom,Clade A
ERR374707,Clinical,United Kingdom,Clade A
SRR14011044,Clinical,Canada/Alberta,Clade A
ERR370011,Clinical,United Kingdom,Clade A
ERR369993,Clinical,United Kingdom,Clade A
ERR377440,Clinical,United Kingdom,Clade A
ERR375109,Clinical,United Kingdom,Clade A
ERR985043,Wastewater Mun.,United Kingdom,Clade A
ERR375029,Clinical,United Kingdom,Clade A
ERR377430,Clinical,United Kingdom,Clade A
ERR374998,Clinical,United Kingdom,Clade A
ERR375498,Clinical,United Kingdom,Clade A
ERR374947,Clinical,United Kingdom,Clade A
ERR985133,Wastewater Mun.,United Kingdom,Clade A
ERR377433,Clinical,United Kingdom,Clade A
ERR375330,Clinical,United Kingdom,Clade A
ERR374989,Clinical,United Kingdom,Clade A
ERR375011,Clinical,United Kingdom,Clade A
ERR370000,Clinical,United Kingdom,Clade A
ERR374793,Clinical,United Kingdom,Clade A
ERR374823,Clinical,United Kingdom,Clade A
ERR374673,Clinical,United Kingdom,Clade A
ERR374893,Clinical,United Kingdom,Clade A
ERR375496,Clinical,United Kingdom,Clade A
ERR375473,Clinical,United Kingdom,Clade A
ERR377442,Clinical,United Kingdom,Clade A
ERR375585,Clinical,United Kingdom,Clade A
ERR374767,Clinical,United Kingdom,Clade A
ERR375494,Clinical,United Kingdom,Clade A
ERR375174,Clinical,United Kingdom,Clade A
ERR374987,Clinical,United Kingdom,Clade A
ERR375255,Clinical,United Kingdom,Clade A
ERR388691,Clinical,United Kingdom,Clade A
ERR375027,Clinical,United Kingdom,Clade A
ERR374746,Clinical,United Kingdom,Clade A
ERR374813,Clinical,United Kingdom,Clade A
ERR375157,Clinical,United Kingdom,Clade A
ERR375423,Clinical,United Kingdom,Clade A
ERR985014,Wastewater Mun.,United Kingdom,Clade A
ERR369958,Clinical,United Kingdom,Clade A
ERR985078,Wastewater Mun.,United Kingdom,Clade A
ERR987508,Wastewater Mun.,United Kingdom,Clade A
ERR374737,Clinical,United Kingdom,Clade A
ERR369982,Clinical,United Kingdom,Clade A
ERR375334,Clinical,United Kingdom,Clade A
ERR375538,Clinical,United Kingdom,Clade A
ERR375016,Clinical,United Kingdom,Clade A
ERR985076,Wastewater Mun.,United Kingdom,Clade A
ERR374689,Clinical,United Kingdom,Clade A
ERR369946,Clinical,United Kingdom,Clade A
ERR985123,Wastewater Mun.,United Kingdom,Clade A
ERR375353,Clinical,United Kingdom,Clade A
ERR985047,Wastewater Mun.,United Kingdom,Clade A
ERR374879,Clinical,United Kingdom,Clade A
ERR388714,Clinical,United Kingdom,Clade A
ERR1036055,Wastewater Mun.,United Kingdom,Clade A
ERR375437,Clinical,United Kingdom,Clade A
ERR369956,Clinical,United Kingdom,Clade A
ERR374864,Clinical,United Kingdom,Clade A
ERR377451,Clinical,United Kingdom,Clade A
ERR375439,Clinical,United Kingdom,Clade A
ERR374939,Clinical,United Kingdom,Clade A
ERR377479,Clinical,United Kingdom,Clade A
ERR375246,Clinical,United Kingdom,Clade A
ERR985032,Wastewater Mun.,United Kingdom,Clade A
ERR375163,Clinical,United Kingdom,Clade A
ERR985075,Wastewater Mun.,United Kingdom,Clade A
ERR374762,Clinical,United Kingdom,Clade A
ERR375076,Clinical,United Kingdom,Clade A
ERR377425,Clinical,United Kingdom,Clade A
SRR14026510,Clinical,Canada/Alberta,Clade A
ERR375446,Clinical,United Kingdom,Clade A
ERR375530,Clinical,United Kingdom,Clade A
ERR374735,Clinical,United Kingdom,Clade A
ERR369999,Clinical,United Kingdom,Clade A
ERR374728,Clinical,United Kingdom,Clade A
ERR375154,Clinical,United Kingdom,Clade A
ERR375192,Clinical,United Kingdom,Clade A
ERR369972,Clinical,United Kingdom,Clade A
ERR375506,Clinical,United Kingdom,Clade A
ERR374926,Clinical,United Kingdom,Clade A
ERR369962,Clinical,United Kingdom,Clade A
ERR987566,Wastewater Mun.,United Kingdom,Clade A
ERR375164,Clinical,United Kingdom,Clade A
ERR374732,Clinical,United Kingdom,Clade A
ERR1036070,Wastewater Mun.,United Kingdom,Clade A
ERR375311,Clinical,United Kingdom,Clade A
ERR987645,Wastewater Mun.,United Kingdom,Clade A
ERR375093,Clinical,United Kingdom,Clade A
ERR985030,Wastewater Mun.,United Kingdom,Clade A
ERR987578,Wastewater Mun.,United Kingdom,Clade A
ERR985117,Wastewater Mun.,United Kingdom,Clade A
ERR375488,Clinical,United Kingdom,Clade A
ERR369983,Clinical,United Kingdom,Clade A
ERR985130,Wastewater Mun.,United Kingdom,Clade A
ERR375082,Clinical,United Kingdom,Clade A
ERR374772,Clinical,United Kingdom,Clade A
ERR375017,Clinical,United Kingdom,Clade A
ERR369974,Clinical,United Kingdom,Clade A
ERR375064,Clinical,United Kingdom,Clade A
ERR374957,Clinical,United Kingdom,Clade A
ERR374780,Clinical,United Kingdom,Clade A
ERR1069053,Wastewater Mun.,United Kingdom,Clade A
ERR984978,Wastewater Mun.,United Kingdom,Clade A
ERR987592,Wastewater Mun.,United Kingdom,Clade A
ERR377447,Clinical,United Kingdom,Clade A
ERR1036037,Wastewater Mun.,United Kingdom,Clade A
SRR14011007,Clinical,Canada/Alberta,Clade A
ERR388717,Clinical,United Kingdom,Clade A
ERR388698,Clinical,United Kingdom,Clade A
ERR369967,Clinical,United Kingdom,Clade A
ERR987507,Wastewater Mun.,United Kingdom,Clade A
ERR375522,Clinical,United Kingdom,Clade A
ERR987644,Wastewater Mun.,United Kingdom,Clade A
ERR987605,Wastewater Mun.,United Kingdom,Clade A
ERR374925,Clinical,United Kingdom,Clade A
ERR375257,Clinical,United Kingdom,Clade A
ERR375397,Clinical,United Kingdom,Clade A
ERR375380,Clinical,United Kingdom,Clade A
SRR14011012,Clinical,Canada/Alberta,Clade A
ERR984989,Wastewater Mun.,United Kingdom,Clade A
ERR369948,Clinical,United Kingdom,Clade A
ERR987543,Wastewater Mun.,United Kingdom,Clade A
ERR374810,Clinical,United Kingdom,Clade A
ERR374776,Clinical,United Kingdom,Clade A
ERR985062,Wastewater Mun.,United Kingdom,Clade A
ERR377438,Clinical,United Kingdom,Clade A
ERR375481,Clinical,United Kingdom,Clade A
SRR14026535,Clinical,Canada/Alberta,Clade A
ERR375346,Clinical,United Kingdom,Clade A
ERR375287,Clinical,United Kingdom,Clade A
ERR985102,Wastewater Mun.,United Kingdom,Clade A
ERR985057,Wastewater Mun.,United Kingdom,Clade A
ERR388697,Clinical,United Kingdom,Clade A
ERR985012,Wastewater Mun.,United Kingdom,Clade A
SRR14011024,Clinical,Canada/Alberta,Clade A
ERR375090,Clinical,United Kingdom,Clade A
ERR374899,Clinical,United Kingdom,Clade A
ERR375143,Clinical,United Kingdom,Clade A
ERR377473,Clinical,United Kingdom,Clade A
ERR375288,Clinical,United Kingdom,Clade A
ERR985073,Wastewater Mun.,United Kingdom,Clade A
ERR984997,Wastewater Mun.,United Kingdom,Clade A
ERR374674,Clinical,United Kingdom,Clade A
ERR370007,Clinical,United Kingdom,Clade A
ERR985074,Wastewater Mun.,United Kingdom,Clade A
ERR374965,Clinical,United Kingdom,Clade A
ERR985044,Wastewater Mun.,United Kingdom,Clade A
SRR14011015,Clinical,Canada/Alberta,Clade A
ERR985071,Wastewater Mun.,United Kingdom,Clade A
SRR14010957,Clinical,Canada/Alberta,Clade A
ERR987509,Wastewater Mun.,United Kingdom,Clade A
ERR985066,Wastewater Mun.,United Kingdom,Clade A
ERR375050,Clinical,United Kingdom,Clade A
SRR14010972,Clinical,Canada/Alberta,Clade A
SRR14010952,Clinical,Canada/Alberta,Clade A
ERR985025,Wastewater Mun.,United Kingdom,Clade A
ERR375268,Clinical,United Kingdom,Clade A
ERR375013,Clinical,United Kingdom,Clade A
ERR985129,Wastewater Mun.,United Kingdom,Clade A
SRR14010987,Clinical,Canada/Alberta,Clade A
ERR374849,Clinical,United Kingdom,Clade A
ERR375427,Clinical,United Kingdom,Clade A
SRR14011004,Clinical,Canada/Alberta,Clade A
ERR985107,Wastewater Mun.,United Kingdom,Clade A
ERR374959,Clinical,United Kingdom,Clade A
ERR985061,Wastewater Mun.,United Kingdom,Clade A
ERR374701,Clinical,United Kingdom,Clade A
ERR375219,Clinical,United Kingdom,Clade A
ERR985112,Wastewater Mun.,United Kingdom,Clade A
SRR14010954,Clinical,Canada/Alberta,Clade A
ERR369980,Clinical,United Kingdom,Clade A
ERR1036058,Wastewater Mun.,United Kingdom,Clade A
ERR388723,Clinical,United Kingdom,Clade A
ERR375018,Clinical,United Kingdom,Clade A
ERR987564,Wastewater Mun.,United Kingdom,Clade A
ERR987650,Wastewater Mun.,United Kingdom,Clade A
SRR14010998,Clinical,Canada/Alberta,Clade A
ERR375089,Clinical,United Kingdom,Clade A
ERR375136,Clinical,United Kingdom,Clade A
SRR14026545,Clinical,Canada/Alberta,Clade A
SRR14010995,Clinical,Canada/Alberta,Clade A
ERR374844,Clinical,United Kingdom,Clade A
SRR14010975,Clinical,Canada/Alberta,Clade A
ERR987590,Wastewater Mun.,United Kingdom,Clade A
SRR14010979,Clinical,Canada/Alberta,Clade A
ERR375023,Clinical,United Kingdom,Clade A
SRR14010999,Clinical,Canada/Alberta,Clade A
ERR984991,Wastewater Mun.,United Kingdom,Clade A
ERR374751,Clinical,United Kingdom,Clade A
ERR374698,Clinical,United Kingdom,Clade A
SRR14010991,Clinical,Canada/Alberta,Clade A
ERR375316,Clinical,United Kingdom,Clade A
ERR374828,Clinical,United Kingdom,Clade A
ERR984981,Wastewater Mun.,United Kingdom,Clade A
ERR388724,Clinical,United Kingdom,Clade A
ERR985082,Wastewater Mun.,United Kingdom,Clade A
ERR370029,Clinical,United Kingdom,Clade A
ERR985063,Wastewater Mun.,United Kingdom,Clade A
ERR377474,Clinical,United Kingdom,Clade A
ERR985116,Wastewater Mun.,United Kingdom,Clade A
ERR985033,Wastewater Mun.,United Kingdom,Clade A
ERR985109,Wastewater Mun.,United Kingdom,Clade A
ERR985121,Wastewater Mun.,United Kingdom,Clade A
ERR375462,Clinical,United Kingdom,Clade A
ERR1036031,Wastewater Mun.,United Kingdom,Clade A
ERR985069,Wastewater Mun.,United Kingdom,Clade A
ERR374686,Clinical,United Kingdom,Clade A
ERR985098,Wastewater Mun.,United Kingdom,Clade A
SRR14010948,Clinical,Canada/Alberta,Clade A
ERR374928,Clinical,United Kingdom,Clade A
ERR987544,Wastewater Mun.,United Kingdom,Clade A
ERR374725,Clinical,United Kingdom,Clade A
ERR1036061,Wastewater Mun.,United Kingdom,Clade A
SRR14011037,Clinical,Canada/Alberta,Clade A
SRR14010949,Clinical,Canada/Alberta,Clade A
ERR1036068,Wastewater Mun.,United Kingdom,Clade A
ERR375471,Clinical,United Kingdom,Clade A
ERR369992,Clinical,United Kingdom,Clade A
SRR14011003,Clinical,Canada/Alberta,Clade A
ERR985079,Wastewater Mun.,United Kingdom,Clade A
ERR987541,Wastewater Mun.,United Kingdom,Clade A
ERR987519,Wastewater Mun.,United Kingdom,Clade A
ERR1036036,Wastewater Mun.,United Kingdom,Clade A
ERR985031,Wastewater Mun.,United Kingdom,Clade A
SRR14026530,Clinical,Canada/Alberta,Clade A
ERR985039,Wastewater Mun.,United Kingdom,Clade A
ERR374807,Clinical,United Kingdom,Clade A
SRR14011013,Clinical,Canada/Alberta,Clade A
ERR374803,Clinical,United Kingdom,Clade A
ERR374682,Clinical,United Kingdom,Clade A
ERR374854,Clinical,United Kingdom,Clade A
ERR369981,Clinical,United Kingdom,Clade A
SRR14010968,Clinical,Canada/Alberta,Clade A
SRR14011018,Clinical,Canada/Alberta,Clade A
ERR377436,Clinical,United Kingdom,Clade A
ERR374680,Clinical,United Kingdom,Clade A
ERR377477,Clinical,United Kingdom,Clade A
ERR985091,Wastewater Mun.,United Kingdom,Clade A
ERR985026,Wastewater Mun.,United Kingdom,Clade A
ERR375322,Clinical,United Kingdom,Clade A
ERR369965,Clinical,United Kingdom,Clade A
ERR375209,Clinical,United Kingdom,Clade A
SRR14011036,Clinical,Canada/Alberta,Clade A
SRR14011028,Clinical,Canada/Alberta,Clade A
ERR985035,Wastewater Mun.,United Kingdom,Clade A
ERR375466,Clinical,United Kingdom,Clade A
ERR375395,Clinical,United Kingdom,Clade A
SRR14011002,Clinical,Canada/Alberta,Clade A
ERR375318,Clinical,United Kingdom,Clade A
ERR375367,Clinical,United Kingdom,Clade A
ERR375106,Clinical,United Kingdom,Clade A
ERR369944,Clinical,United Kingdom,Clade A
ERR375495,Clinical,United Kingdom,Clade A
SRR14010993,Clinical,Canada/Alberta,Clade A
ERR375226,Clinical,United Kingdom,Clade A
ERR987523,Wastewater Mun.,United Kingdom,Clade A
ERR375079,Clinical,United Kingdom,Clade A
ERR375145,Clinical,United Kingdom,Clade A
ERR374954,Clinical,United Kingdom,Clade A
ERR374990,Clinical,United Kingdom,Clade A
ERR377457,Clinical,United Kingdom,Clade A
SRR14026554,Clinical,Canada/Alberta,Clade A
ERR987511,Wastewater Mun.,United Kingdom,Clade A
ERR985083,Wastewater Mun.,United Kingdom,Clade A
ERR375413,Clinical,United Kingdom,Clade A
ERR375502,Clinical,United Kingdom,Clade A
SRR14010960,Clinical,Canada/Alberta,Clade A
ERR375286,Clinical,United Kingdom,Clade A
ERR377434,Clinical,United Kingdom,Clade A
ERR375305,Clinical,United Kingdom,Clade A
ERR985111,Wastewater Mun.,United Kingdom,Clade A
ERR985065,Wastewater Mun.,United Kingdom,Clade A
ERR375193,Clinical,United Kingdom,Clade A
ERR375039,Clinical,United Kingdom,Clade A
ERR370025,Clinical,United Kingdom,Clade A
SRR14010984,Clinical,Canada/Alberta,Clade A
ERR375509,Clinical,United Kingdom,Clade A
SRR14010951,Clinical,Canada/Alberta,Clade A
ERR374697,Clinical,United Kingdom,Clade A
ERR370032,Clinical,United Kingdom,Clade A
ERR375337,Clinical,United Kingdom,Clade A
ERR375002,Clinical,United Kingdom,Clade A
ERR370001,Clinical,United Kingdom,Clade A
ERR370018,Clinical,United Kingdom,Clade A
ERR374909,Clinical,United Kingdom,Clade A
ERR377483,Clinical,United Kingdom,Clade A
SRR14010966,Clinical,Canada/Alberta,Clade A
ERR377439,Clinical,United Kingdom,Clade A
SRR14011034,Clinical,Canada/Alberta,Clade A
ERR375448,Clinical,United Kingdom,Clade A
ERR375431,Clinical,United Kingdom,Clade A
ERR985088,Wastewater Mun.,United Kingdom,Clade A
ERR375152,Clinical,United Kingdom,Clade A
ERR374784,Clinical,United Kingdom,Clade A
ERR375312,Clinical,United Kingdom,Clade A
SRR14011023,Clinical,Canada/Alberta,Clade A
ERR987527,Wastewater Mun.,United Kingdom,Clade A
SRR14010934,Clinical,Canada/Alberta,Clade A
ERR375579,Clinical,United Kingdom,Clade A
ERR375279,Clinical,United Kingdom,Clade A
ERR374963,Clinical,United Kingdom,Clade A
ERR987540,Wastewater Mun.,United Kingdom,Clade A
SRR14010956,Clinical,Canada/Alberta,Clade A
ERR374911,Clinical,United Kingdom,Clade A
SRR14010967,Clinical,Canada/Alberta,Clade A
SRR14011010,Clinical,Canada/Alberta,Clade A
ERR375354,Clinical,United Kingdom,Clade A
ERR375241,Clinical,United Kingdom,Clade A
ERR388696,Clinical,United Kingdom,Clade A
ERR377458,Clinical,United Kingdom,Clade A
ERR984984,Wastewater Mun.,United Kingdom,Clade A
ERR375085,Clinical,United Kingdom,Clade A
SRR14011026,Clinical,Canada/Alberta,Clade A
ERR375355,Clinical,United Kingdom,Clade A
SRR14026519,Clinical,Canada/Alberta,Clade A
ERR375284,Clinical,United Kingdom,Clade A
ERR369945,Clinical,United Kingdom,Clade A
ERR375358,Clinical,United Kingdom,Clade A
SRR14011029,Clinical,Canada/Alberta,Clade A
ERR377512,Clinical,United Kingdom,Clade A
ERR374675,Clinical,United Kingdom,Clade A
ERR374918,Clinical,United Kingdom,Clade A
ERR375515,Clinical,United Kingdom,Clade A
ERR374915,Clinical,United Kingdom,Clade A
ERR375121,Clinical,United Kingdom,Clade A
ERR374921,Clinical,United Kingdom,Clade A
ERR987580,Wastewater Mun.,United Kingdom,Clade A
ERR375394,Clinical,United Kingdom,Clade A
ERR374982,Clinical,United Kingdom,Clade A
SRR14010950,Clinical,Canada/Alberta,Clade A
SRR14010963,Clinical,Canada/Alberta,Clade A
SRR14010978,Clinical,Canada/Alberta,Clade A
ERR375434,Clinical,United Kingdom,Clade A
ERR374942,Clinical,United Kingdom,Clade A
ERR375514,Clinical,United Kingdom,Clade A
ERR375335,Clinical,United Kingdom,Clade A
ERR370031,Clinical,United Kingdom,Clade A
ERR377497,Clinical,United Kingdom,Clade A
ERR370023,Clinical,United Kingdom,Clade A
ERR374835,Clinical,United Kingdom,Clade A
ERR369971,Clinical,United Kingdom,Clade A
ERR985022,Wastewater Mun.,United Kingdom,Clade A
ERR375003,Clinical,United Kingdom,Clade A
ERR1069046,Wastewater Mun.,United Kingdom,Clade A
ERR374755,Clinical,United Kingdom,Clade A
ERR375409,Clinical,United Kingdom,Clade A
ERR375436,Clinical,United Kingdom,Clade A
ERR987521,Wastewater Mun.,United Kingdom,Clade A
SRR14011038,Clinical,Canada/Alberta,Clade A
ERR370005,Clinical,United Kingdom,Clade A
ERR374936,Clinical,United Kingdom,Clade A
ERR375015,Clinical,United Kingdom,Clade A
SRR14011035,Clinical,Canada/Alberta,Clade A
SRR14011039,Clinical,Canada/Alberta,Clade A
ERR375458,Clinical,United Kingdom,Clade A
SRR14010942,Clinical,Canada/Alberta,Clade A
ERR375482,Clinical,United Kingdom,Clade A
ERR374970,Clinical,United Kingdom,Clade A
ERR375055,Clinical,United Kingdom,Clade A
SRR14010958,Clinical,Canada/Alberta,Clade A
SRR14011043,Clinical,Canada/Alberta,Clade A
ERR375086,Clinical,United Kingdom,Clade A
ERR375333,Clinical,United Kingdom,Clade A
ERR985089,Wastewater Mun.,United Kingdom,Clade A
ERR374937,Clinical,United Kingdom,Clade A
ERR987586,Wastewater Mun.,United Kingdom,Clade A
ERR1036045,Wastewater Mun.,United Kingdom,Clade A
ERR985001,Wastewater Mun.,United Kingdom,Clade A
ERR388687,Clinical,United Kingdom,Clade A
SRR14026521,Clinical,Canada/Alberta,Clade A
ERR375445,Clinical,United Kingdom,Clade A
SRR14026534,Clinical,Canada/Alberta,Clade A
ERR374991,Clinical,United Kingdom,Clade A
ERR377501,Clinical,United Kingdom,Clade A
ERR375227,Clinical,United Kingdom,Clade A
ERR374949,Clinical,United Kingdom,Clade A
SRR14010982,Clinical,Canada/Alberta,Clade A
SRR14011016,Clinical,Canada/Alberta,Clade A
ERR374944,Clinical,United Kingdom,Clade A
ERR369990,Clinical,United Kingdom,Clade A
ERR375360,Clinical,United Kingdom,Clade A
ERR377510,Clinical,United Kingdom,Clade A
ERR375111,Clinical,United Kingdom,Clade A
ERR375364,Clinical,United Kingdom,Clade A
ERR388690,Clinical,United Kingdom,Clade A
ERR377484,Clinical,United Kingdom,Clade A
ERR375012,Clinical,United Kingdom,Clade A
ERR375468,Clinical,United Kingdom,Clade A
ERR984990,Wastewater Mun.,United Kingdom,Clade A
SRR14011001,Clinical,Canada/Alberta,Clade A
SRR14026529,Clinical,Canada/Alberta,Clade A
ERR369969,Clinical,United Kingdom,Clade A
ERR375574,Clinical,United Kingdom,Clade A
SRR14010974,Clinical,Canada/Alberta,Clade A
ERR375161,Clinical,United Kingdom,Clade A
ERR374945,Clinical,United Kingdom,Clade A
ERR369985,Clinical,United Kingdom,Clade A
ERR374744,Clinical,United Kingdom,Clade A
SRR14010997,Clinical,Canada/Alberta,Clade A
ERR374976,Clinical,United Kingdom,Clade A
ERR987597,Wastewater Mun.,United Kingdom,Clade A
ERR388701,Clinical,United Kingdom,Clade A
ERR374836,Clinical,United Kingdom,Clade A
ERR375033,Clinical,United Kingdom,Clade A
ERR377465,Clinical,United Kingdom,Clade A
ERR374993,Clinical,United Kingdom,Clade A
ERR375553,Clinical,United Kingdom,Clade A
ERR374977,Clinical,United Kingdom,Clade A
ERR374832,Clinical,United Kingdom,Clade A
ERR375092,Clinical,United Kingdom,Clade A
ERR375001,Clinical,United Kingdom,Clade A
ERR375162,Clinical,United Kingdom,Clade A
ERR984987,Wastewater Mun.,United Kingdom,Clade A
ERR987629,Wastewater Mun.,United Kingdom,Clade A
ERR377468,Clinical,United Kingdom,Clade A
ERR375406,Clinical,United Kingdom,Clade A
ERR375476,Clinical,United Kingdom,Clade A
SRR14010940,Clinical,Canada/Alberta,Clade A
ERR377450,Clinical,United Kingdom,Clade A
ERR375244,Clinical,United Kingdom,Clade A
SRR14010961,Clinical,Canada/Alberta,Clade A
ERR985093,Wastewater Mun.,United Kingdom,Clade A
ERR375392,Clinical,United Kingdom,Clade A
SRR14010939,Clinical,Canada/Alberta,Clade A
ERR987526,Wastewater Mun.,United Kingdom,Clade A
ERR375037,Clinical,United Kingdom,Clade A
ERR375542,Clinical,United Kingdom,Clade A
ERR374922,Clinical,United Kingdom,Clade A
ERR374663,Clinical,United Kingdom,Clade A
ERR369951,Clinical,United Kingdom,Clade A
ERR374806,Clinical,United Kingdom,Clade A
ERR374867,Clinical,United Kingdom,Clade A
ERR369996,Clinical,United Kingdom,Clade A
ERR374743,Clinical,United Kingdom,Clade A
ERR374940,Clinical,United Kingdom,Clade A
ERR375138,Clinical,United Kingdom,Clade A
ERR374962,Clinical,United Kingdom,Clade A
ERR374693,Clinical,United Kingdom,Clade A
ERR374681,Clinical,United Kingdom,Clade A
ERR375168,Clinical,United Kingdom,Clade A
ERR985068,Wastewater Mun.,United Kingdom,Clade A
ERR375040,Clinical,United Kingdom,Clade A
ERR375133,Clinical,United Kingdom,Clade A
ERR985113,Wastewater Mun.,United Kingdom,Clade A
ERR374978,Clinical,United Kingdom,Clade A
SRR14026479,Wastewater Agr.,Canada/Alberta,Clade B
ERR985128,Wastewater Mun.,United Kingdom,Clade A
ERR374923,Clinical,United Kingdom,Clade A
ERR374908,Clinical,United Kingdom,Clade A
SRR14011025,Clinical,Canada/Alberta,Clade A
SRR14011014,Clinical,Canada/Alberta,Clade A
SRR14010938,Clinical,Canada/Alberta,Clade A
ERR374917,Clinical,United Kingdom,Clade A
SRR14010959,Clinical,Canada/Alberta,Clade A
ERR985064,Wastewater Mun.,United Kingdom,Clade A
SRR14011006,Clinical,Canada/Alberta,Clade A
ERR374848,Clinical,United Kingdom,Clade A
ERR374785,Clinical,United Kingdom,Clade B
ERR374718,Clinical,United Kingdom,Clade A
ERR375250,Clinical,United Kingdom,Clade A
ERR375412,Clinical,United Kingdom,Clade A
ERR985114,Wastewater Mun.,United Kingdom,Clade B
ERR375035,Clinical,United Kingdom,Clade A
ERR375256,Clinical,United Kingdom,Clade A
ERR987545,Wastewater Mun.,United Kingdom,Clade A
ERR375071,Clinical,United Kingdom,Clade A
ERR374760,Clinical,United Kingdom,Clade A
ERR375024,Clinical,United Kingdom,Clade A
ERR985008,Wastewater Mun.,United Kingdom,Clade A
ERR374931,Clinical,United Kingdom,Clade A
ERR375270,Clinical,United Kingdom,Clade A
ERR375371,Clinical,United Kingdom,Clade A
ERR1036062,Wastewater Mun.,United Kingdom,Clade A
SRR14010992,Clinical,Canada/Alberta,Clade A
ERR375177,Clinical,United Kingdom,Clade A
ERR985120,Wastewater Mun.,United Kingdom,Clade A
ERR375128,Clinical,United Kingdom,Clade A
ERR1036025,Wastewater Mun.,United Kingdom,Clade A
ERR388702,Clinical,United Kingdom,Clade A
ERR374826,Clinical,United Kingdom,Clade A
ERR375140,Clinical,United Kingdom,Clade A
SRR14010947,Clinical,Canada/Alberta,Clade A
ERR375019,Clinical,United Kingdom,Clade A
ERR1036059,Wastewater Mun.,United Kingdom,Clade A
ERR375382,Clinical,United Kingdom,Clade A
SRR14010946,Clinical,Canada/Alberta,Clade A
ERR375067,Clinical,United Kingdom,Clade A
ERR1036044,Wastewater Mun.,United Kingdom,Clade A
ERR375105,Clinical,United Kingdom,Clade A
SRR14026539,Clinical,Canada/Alberta,Clade A
ERR374669,Clinical,United Kingdom,Clade A
SRR14010935,Clinical,Canada/Alberta,Clade A
ERR375028,Clinical,United Kingdom,Clade A
SRR14010937,Clinical,Canada/Alberta,Clade A
ERR987552,Wastewater Mun.,United Kingdom,Clade A
ERR985103,Wastewater Mun.,United Kingdom,Clade A
ERR374986,Clinical,United Kingdom,Clade A
ERR985000,Wastewater Mun.,United Kingdom,Clade A
ERR374821,Clinical,United Kingdom,Clade A
SRR14010990,Clinical,Canada/Alberta,Clade A
ERR375083,Clinical,United Kingdom,Clade A
SRR14010962,Clinical,Canada/Alberta,Clade A
ERR985007,Wastewater Mun.,United Kingdom,Clade A
ERR374898,Clinical,United Kingdom,Clade A
ERR369940,Clinical,United Kingdom,Clade A
ERR1036064,Wastewater Mun.,United Kingdom,Clade A
ERR374969,Clinical,United Kingdom,Clade A
SRR14011031,Clinical,Canada/Alberta,Clade A
ERR985013,Wastewater Mun.,United Kingdom,Clade A
SRR14026514,Clinical,Canada/Alberta,Clade A
ERR985080,Wastewater Mun.,United Kingdom,Clade A
ERR375060,Clinical,United Kingdom,Clade A
ERR374933,Clinical,United Kingdom,Clade A
SRR14010985,Clinical,Canada/Alberta,Clade A
ERR374838,Clinical,United Kingdom,Clade A
ERR984985,Wastewater Mun.,United Kingdom,Clade A
ERR375170,Clinical,United Kingdom,Clade A
ERR375063,Clinical,United Kingdom,Clade A
ERR374913,Clinical,United Kingdom,Clade A
ERR369939,Clinical,United Kingdom,Clade A
ERR987615,Wastewater Mun.,United Kingdom,Clade A
ERR375042,Clinical,United Kingdom,Clade A
ERR375057,Clinical,United Kingdom,Clade A
SRR14010965,Clinical,Canada/Alberta,Clade A
SRR14026523,Clinical,Canada/Alberta,Clade A
ERR375153,Clinical,United Kingdom,Clade A
ERR375165,Clinical,United Kingdom,Clade A
SRR14011011,Clinical,Canada/Alberta,Clade A
ERR377478,Clinical,United Kingdom,Clade A
ERR375238,Clinical,United Kingdom,Clade A
ERR369966,Clinical,United Kingdom,Clade A
ERR375043,Clinical,United Kingdom,Clade A
ERR375021,Clinical,United Kingdom,Clade A
ERR987627,Wastewater Mun.,United Kingdom,Clade A
SRR14010980,Clinical,Canada/Alberta,Clade A
ERR369976,Clinical,United Kingdom,Clade A
ERR375281,Clinical,United Kingdom,Clade A
ERR375049,Clinical,United Kingdom,Clade A
SRR14026552,Clinical,Canada/Alberta,Clade B
ERR985094,Wastewater Mun.,United Kingdom,Clade A
ERR388692,Clinical,United Kingdom,Clade A
SRR14011032,Clinical,Canada/Alberta,Clade A
ERR374855,Clinical,United Kingdom,Clade A
ERR987514,Wastewater Mun.,United Kingdom,Clade A
SRR14010970,Clinical,Canada/Alberta,Clade A
ERR375529,Clinical,United Kingdom,Clade A
ERR984983,Wastewater Mun.,United Kingdom,Clade A
ERR987516,Wastewater Mun.,United Kingdom,Clade A
ERR375070,Clinical,United Kingdom,Clade A
ERR375022,Clinical,United Kingdom,Clade A
SRR14026538,Clinical,Canada/Alberta,Clade A
ERR374774,Clinical,United Kingdom,Clade A
ERR375195,Clinical,United Kingdom,Clade A
ERR377493,Clinical,United Kingdom,Clade A
ERR375046,Clinical,United Kingdom,Clade A
ERR1100578,Agricultural,United Kingdom,Clade A
ERR374727,Clinical,United Kingdom,Clade A
ERR374696,Clinical,United Kingdom,Clade A
ERR374694,Clinical,United Kingdom,Clade A
ERR375389,Clinical,United Kingdom,Clade A
ERR987585,Wastewater Mun.,United Kingdom,Clade A
SRR14026550,Clinical,Canada/Alberta,Clade A
ERR984980,Wastewater Mun.,United Kingdom,Clade A
ERR374703,Clinical,United Kingdom,Clade A
ERR375075,Clinical,United Kingdom,Clade A
ERR370021,Clinical,United Kingdom,Clade A
ERR374679,Clinical,United Kingdom,Clade A
ERR369997,Clinical,United Kingdom,Clade A
SRR14022756,Wastewater Mun.,Canada/Alberta,Clade B
ERR375229,Clinical,United Kingdom,Clade A
ERR374754,Clinical,United Kingdom,Clade A
ERR375087,Clinical,United Kingdom,Clade A
SRR14010981,Clinical,Canada/Alberta,Clade A
ERR375122,Clinical,United Kingdom,Clade A
ERR374927,Clinical,United Kingdom,Clade A
ERR374856,Clinical,United Kingdom,Clade A
ERR375107,Clinical,United Kingdom,Clade A
ERR375176,Clinical,United Kingdom,Clade B
ERR374683,Clinical,United Kingdom,Clade A
ERR987616,Wastewater Mun.,United Kingdom,Clade A
ERR987551,Wastewater Mun.,United Kingdom,Clade A
ERR374968,Clinical,United Kingdom,Clade A
SRR14026555,Clinical,Canada/Alberta,Clade A
ERR388694,Clinical,United Kingdom,Clade A
ERR374787,Clinical,United Kingdom,Clade A
ERR375425,Clinical,United Kingdom,Clade A
ERR388688,Clinical,United Kingdom,Clade A
ERR375026,Clinical,United Kingdom,Clade A
ERR375097,Clinical,United Kingdom,Clade A
ERR375066,Clinical,United Kingdom,Clade A
ERR375313,Clinical,United Kingdom,Clade A
ERR375544,Clinical,United Kingdom,Clade A
ERR374811,Clinical,United Kingdom,Clade A
ERR377444,Clinical,United Kingdom,Clade A
SRR14022770,Wastewater Mun.,Canada/Alberta,Clade B
ERR375030,Clinical,United Kingdom,Clade A
ERR388703,Clinical,United Kingdom,Clade A
ERR375218,Clinical,United Kingdom,Clade A
ERR374763,Clinical,United Kingdom,Clade A
ERR987614,Wastewater Mun.,United Kingdom,Clade B
SRR14010945,Clinical,Canada/Alberta,Clade A
ERR374820,Clinical,United Kingdom,Clade A
ERR375008,Clinical,United Kingdom,Clade A
ERR375248,Clinical,United Kingdom,Clade A
ERR374920,Clinical,United Kingdom,Clade A
ERR375134,Clinical,United Kingdom,Clade A
SRR14011041,Clinical,Canada/Alberta,Clade A
ERR375118,Clinical,United Kingdom,Clade A
ERR374783,Clinical,United Kingdom,Clade A
ERR375283,Clinical,United Kingdom,Clade A
SRR14010944,Clinical,Canada/Alberta,Clade A
ERR985119,Wastewater Mun.,United Kingdom,Clade A
ERR987515,Wastewater Mun.,United Kingdom,Clade A
ERR377469,Clinical,United Kingdom,Clade A
SRR14011040,Clinical,Canada/Alberta,Clade A
ERR375135,Clinical,United Kingdom,Clade A
ERR987626,Wastewater Mun.,United Kingdom,Clade A
ERR985125,Wastewater Mun.,United Kingdom,Clade B
ERR985023,Wastewater Mun.,United Kingdom,Clade A
ERR987633,Wastewater Mun.,United Kingdom,Clade B
ERR375031,Clinical,United Kingdom,Clade A
ERR374919,Clinical,United Kingdom,Clade A
SRR14011027,Clinical,Canada/Alberta,Clade A
ERR375541,Clinical,United Kingdom,Clade B
ERR375005,Clinical,United Kingdom,Clade A
ERR374685,Clinical,United Kingdom,Clade A
SRR14011033,Clinical,Canada/Alberta,Clade A
ERR987639,Wastewater Mun.,United Kingdom,Clade A
ERR374791,Clinical,United Kingdom,Clade A
SRR14010983,Clinical,Canada/Alberta,Clade A
SRR14011000,Clinical,Canada/Alberta,Clade A
ERR1036060,Wastewater Mun.,United Kingdom,Clade A
ERR375077,Clinical,United Kingdom,Clade A
ERR374958,Clinical,United Kingdom,Clade A
ERR374753,Clinical,United Kingdom,Clade A
ERR369954,Clinical,United Kingdom,Clade A
ERR1100607,Agricultural,United Kingdom,Clade A
ERR375365,Clinical,United Kingdom,Clade A
ERR375430,Clinical,United Kingdom,Clade A
ERR1100598,Agricultural,United Kingdom,Clade A
ERR375052,Clinical,United Kingdom,Clade A
ERR377486,Clinical,United Kingdom,Clade A
ERR374930,Clinical,United Kingdom,Clade A
ERR375440,Clinical,United Kingdom,Clade A
ERR1036038,Wastewater Mun.,United Kingdom,Clade A
ERR1100588,Agricultural,United Kingdom,Clade A
ERR388693,Clinical,United Kingdom,Clade A
ERR985097,Wastewater Mun.,United Kingdom,Clade A
ERR375144,Clinical,United Kingdom,Clade A
ERR377437,Clinical,United Kingdom,Clade A
ERR375491,Clinical,United Kingdom,Clade A
ERR370003,Clinical,United Kingdom,Clade A
ERR375512,Clinical,United Kingdom,Clade A
ERR388689,Clinical,United Kingdom,Clade A
ERR388718,Clinical,United Kingdom,Clade A
ERR370033,Clinical,United Kingdom,Clade A
ERR374804,Clinical,United Kingdom,Clade A
ERR374777,Clinical,United Kingdom,Clade A
ERR375208,Clinical,United Kingdom,Clade A
SRR14011005,Clinical,Canada/Alberta,Clade A
ERR375178,Clinical,United Kingdom,Clade A
ERR374662,Clinical,United Kingdom,Clade A
ERR987606,Wastewater Mun.,United Kingdom,Clade A
SRR14010994,Clinical,Canada/Alberta,Clade A
ERR375452,Clinical,United Kingdom,Clade A
ERR987602,Wastewater Mun.,United Kingdom,Clade A
ERR375010,Clinical,United Kingdom,Clade A
ERR375480,Clinical,United Kingdom,Clade A
ERR987617,Wastewater Mun.,United Kingdom,Clade A
ERR374952,Clinical,United Kingdom,Clade A
ERR375120,Clinical,United Kingdom,Clade A
ERR375129,Clinical,United Kingdom,Clade A
ERR985115,Wastewater Mun.,United Kingdom,Clade B
ERR1036028,Wastewater Mun.,United Kingdom,Clade A
ERR987565,Wastewater Mun.,United Kingdom,Clade A
ERR987575,Wastewater Mun.,United Kingdom,Clade A
ERR987537,Wastewater Mun.,United Kingdom,Clade A
ERR374812,Clinical,United Kingdom,Clade A
ERR375114,Clinical,United Kingdom,Clade A
ERR375148,Clinical,United Kingdom,Clade A
ERR987600,Wastewater Mun.,United Kingdom,Clade A
ERR1156223,Agricultural,United Kingdom,Clade A
SRR14026518,Clinical,Canada/Alberta,Clade A
SRR14010941,Clinical,Canada/Alberta,Clade A
ERR375137,Clinical,United Kingdom,Clade A
ERR374723,Clinical,United Kingdom,Clade A
ERR987536,Wastewater Mun.,United Kingdom,Clade A
ERR375056,Clinical,United Kingdom,Clade A
ERR375160,Clinical,United Kingdom,Clade A
ERR375556,Clinical,United Kingdom,Clade A
ERR1069049,Wastewater Mun.,United Kingdom,Clade A
ERR375497,Clinical,United Kingdom,Clade A
ERR374971,Clinical,United Kingdom,Clade A
ERR1069048,Wastewater Mun.,United Kingdom,Clade B
ERR375361,Clinical,United Kingdom,Clade A
ERR374972,Clinical,United Kingdom,Clade A
SRR14024952,Agricultural,Canada/Alberta,Clade B
ERR374792,Clinical,United Kingdom,Clade A
ERR374992,Clinical,United Kingdom,Clade A
SRR14010943,Clinical,Canada/Alberta,Clade A
ERR987619,Wastewater Mun.,United Kingdom,Clade A
ERR984973,Wastewater Mun.,United Kingdom,Clade A
ERR987500,Wastewater Mun.,United Kingdom,Clade B
ERR374916,Clinical,United Kingdom,Clade A
ERR985081,Wastewater Mun.,United Kingdom,Clade A
ERR985034,Wastewater Mun.,United Kingdom,Clade A
SRR14026480,Natural Water,Canada/Alberta,Clade A
ERR377462,Clinical,United Kingdom,Clade A
ERR375485,Clinical,United Kingdom,Clade A
SRR14022769,Wastewater Mun.,Canada/Alberta,Clade A
ERR375450,Clinical,United Kingdom,Clade A
SRR14024950,Agricultural,Canada/Alberta,Clade B
ERR388725,Clinical,United Kingdom,Clade A
ERR1156231,Agricultural,United Kingdom,Clade A
ERR987601,Wastewater Mun.,United Kingdom,Clade A
ERR369995,Clinical,United Kingdom,Clade A
ERR375078,Clinical,United Kingdom,Clade A
SRR14026511,Clinical,Canada/Alberta,Clade B
ERR377481,Clinical,United Kingdom,Clade A
SRR14024999,Agricultural,Canada/Alberta,Clade B
ERR377494,Clinical,United Kingdom,Clade A
ERR375130,Clinical,United Kingdom,Clade A
ERR375051,Clinical,United Kingdom,Clade A
ERR374882,Clinical,United Kingdom,Clade A
SRR14026466,Wastewater Agr.,Canada/Alberta,Clade B
SRR14010955,Clinical,Canada/Alberta,Clade A
SRR14024973,Agricultural,Canada/Alberta,Clade B
ERR374966,Clinical,United Kingdom,Clade A
ERR374829,Clinical,United Kingdom,Clade A
SRR14026471,Natural Water,Canada/Alberta,Clade B
ERR377446,Clinical,United Kingdom,Clade A
ERR1100594,Agricultural,United Kingdom,Clade A
ERR374894,Clinical,United Kingdom,Clade A
ERR987640,Wastewater Mun.,United Kingdom,Clade A
ERR1156206,Agricultural,United Kingdom,Clade A
ERR987651,Wastewater Mun.,United Kingdom,Clade A
ERR374885,Clinical,United Kingdom,Clade A
ERR1156197,Agricultural,United Kingdom,Clade A
ERR374938,Clinical,United Kingdom,Clade A
ERR1036056,Wastewater Mun.,United Kingdom,Clade A
SRR14026447,Natural Water,Canada/Alberta,Clade B
SRR14026516,Clinical,Canada/Alberta,Clade A
ERR375188,Clinical,United Kingdom,Clade A
SRR14010996,Clinical,Canada/Alberta,Clade A
ERR375216,Clinical,United Kingdom,Clade A
ERR375214,Clinical,United Kingdom,Clade A
ERR374721,Clinical,United Kingdom,Clade A
ERR987547,Wastewater Mun.,United Kingdom,Clade A
ERR1156204,Agricultural,United Kingdom,Clade A
ERR369941,Clinical,United Kingdom,Clade A
ERR375235,Clinical,United Kingdom,Clade A
ERR1100626,Agricultural,United Kingdom,Clade B
SRR14026501,Natural Water,Canada/Alberta,Clade B
SRR14022771,Wastewater Mun.,Canada/Alberta,Clade A
ERR375062,Clinical,United Kingdom,Clade A
ERR374842,Clinical,United Kingdom,Clade A
ERR375014,Clinical,United Kingdom,Clade A
SRR14022782,Wastewater Mun.,Canada/Alberta,Clade A
ERR374752,Clinical,United Kingdom,Clade A
ERR374671,Clinical,United Kingdom,Clade A
ERR375276,Clinical,United Kingdom,Clade A
ERR374871,Clinical,United Kingdom,Clade A
ERR374824,Clinical,United Kingdom,Clade A
ERR374979,Clinical,United Kingdom,Clade A
SRR14024958,Agricultural,Canada/Alberta,Clade B
ERR375073,Clinical,United Kingdom,Clade A
ERR1156293,Agricultural,United Kingdom,Clade A
ERR375006,Clinical,United Kingdom,Clade A
ERR987506,Wastewater Mun.,United Kingdom,Clade A
ERR375053,Clinical,United Kingdom,Clade A
ERR1156221,Agricultural,United Kingdom,Clade A
ERR984994,Wastewater Mun.,United Kingdom,Clade B
ERR374881,Clinical,United Kingdom,Clade A
SRR14010988,Clinical,Canada/Alberta,Clade A
ERR987604,Wastewater Mun.,United Kingdom,Clade B
ERR1036026,Wastewater Mun.,United Kingdom,Clade A
ERR369964,Clinical,United Kingdom,Clade A
ERR369978,Clinical,United Kingdom,Clade A
SRR14022777,Wastewater Mun.,Canada/Alberta,Clade A
ERR1036079,Wastewater Mun.,United Kingdom,Clade A
ERR374843,Clinical,United Kingdom,Clade A
ERR987525,Wastewater Mun.,United Kingdom,Clade B
ERR374956,Clinical,United Kingdom,Clade A
ERR377443,Clinical,United Kingdom,Clade A
ERR987593,Wastewater Mun.,United Kingdom,Clade A
ERR375347,Clinical,United Kingdom,Clade A
SRR14011021,Clinical,Canada/Alberta,Clade A
SRR14010989,Clinical,Canada/Alberta,Clade A
ERR985085,Wastewater Mun.,United Kingdom,Clade A
ERR374941,Clinical,United Kingdom,Clade A
SRR14022778,Wastewater Mun.,Canada/Alberta,Clade B
ERR987553,Wastewater Mun.,United Kingdom,Clade A
ERR1100602,Agricultural,United Kingdom,Clade A
ERR984998,Wastewater Mun.,United Kingdom,Clade A
ERR374769,Clinical,United Kingdom,Clade A
ERR375187,Clinical,United Kingdom,Clade A
ERR1156184,Agricultural,United Kingdom,Clade A
ERR987582,Wastewater Mun.,United Kingdom,Clade A
ERR1100547,Agricultural,United Kingdom,Clade B
ERR987607,Wastewater Mun.,United Kingdom,Clade A
ERR984976,Wastewater Mun.,United Kingdom,Clade A
ERR1100592,Agricultural,United Kingdom,Clade A
ERR388715,Clinical,United Kingdom,Clade A
ERR370019,Clinical,United Kingdom,Clade A
ERR374872,Clinical,United Kingdom,Clade B
ERR987652,Wastewater Mun.,United Kingdom,Clade A
SRR14022765,Wastewater Mun.,Canada/Alberta,Clade B
SRR14022743,Wastewater Mun.,Canada/Alberta,Clade B
SRR14026448,Natural Water,Canada/Alberta,Clade B
SRR14022768,Wastewater Mun.,Canada/Alberta,Clade A
SRR14011009,Clinical,Canada/Alberta,Clade A
ERR374714,Clinical,United Kingdom,Clade A
ERR1156191,Agricultural,United Kingdom,Clade B
ERR1100596,Agricultural,United Kingdom,Clade A
ERR374995,Clinical,United Kingdom,Clade A
ERR1036042,Wastewater Mun.,United Kingdom,Clade A
ERR374912,Clinical,United Kingdom,Clade A
SRR14010969,Clinical,Canada/Alberta,Clade A
ERR1100546,Agricultural,United Kingdom,Clade A
SRR14026461,Wastewater Agr.,Canada/Alberta,Clade B
ERR1069047,Wastewater Mun.,United Kingdom,Clade B
ERR375091,Clinical,United Kingdom,Clade A
SRR14022762,Wastewater Mun.,Canada/Alberta,Clade B
ERR374943,Clinical,United Kingdom,Clade A
ERR1156207,Agricultural,United Kingdom,Clade A
ERR987562,Wastewater Mun.,United Kingdom,Clade A
ERR1156222,Agricultural,United Kingdom,Clade A
ERR1036057,Wastewater Mun.,United Kingdom,Clade A
ERR1156209,Agricultural,United Kingdom,Clade A
ERR375224,Clinical,United Kingdom,Clade A
ERR374722,Clinical,United Kingdom,Clade A
ERR374974,Clinical,United Kingdom,Clade A
SRR14022766,Wastewater Mun.,Canada/Alberta,Clade B
ERR1100636,Agricultural,United Kingdom,Clade A
SRR14026551,Clinical,Canada/Alberta,Clade A
SRR14024985,Agricultural,Canada/Alberta,Clade B
SRR14022773,Wastewater Mun.,Canada/Alberta,Clade B
ERR1100601,Agricultural,United Kingdom,Clade A
ERR1156254,Agricultural,United Kingdom,Clade A
ERR375094,Clinical,United Kingdom,Clade A
ERR369998,Clinical,United Kingdom,Clade A
ERR1156216,Agricultural,United Kingdom,Clade B
ERR374907,Clinical,United Kingdom,Clade A
ERR985135,Wastewater Mun.,United Kingdom,Clade B
ERR984977,Wastewater Mun.,United Kingdom,Clade A
SRR14026517,Clinical,Canada/Alberta,Clade A
SRR14024988,Agricultural,Canada/Alberta,Clade B
ERR1156294,Agricultural,United Kingdom,Clade A
SRR14010973,Clinical,Canada/Alberta,Clade A
ERR1100530,Agricultural,United Kingdom,Clade A
SRR14026553,Clinical,Canada/Alberta,Clade A
SRR14022735,Wastewater Mun.,Canada/Alberta,Clade B
ERR375258,Clinical,United Kingdom,Clade A
SRR14024983,Agricultural,Canada/Alberta,Clade A
ERR985006,Wastewater Mun.,United Kingdom,Clade A
ERR1036076,Wastewater Mun.,United Kingdom,Clade A
ERR374724,Clinical,United Kingdom,Clade A
ERR377454,Clinical,United Kingdom,Clade A
SRR14011017,Clinical,Canada/Alberta,Clade A
SRR14011008,Clinical,Canada/Alberta,Clade A
ERR374883,Clinical,United Kingdom,Clade A
ERR987620,Wastewater Mun.,United Kingdom,Clade A
ERR987520,Wastewater Mun.,United Kingdom,Clade A
ERR987613,Wastewater Mun.,United Kingdom,Clade B
ERR370013,Clinical,United Kingdom,Clade A
ERR375443,Clinical,United Kingdom,Clade B
SRR14026544,Clinical,Canada/Alberta,Clade B
ERR987636,Wastewater Mun.,United Kingdom,Clade B
SRR14022759,Wastewater Mun.,Canada/Alberta,Clade B
ERR985118,Wastewater Mun.,United Kingdom,Clade A
SRR14026515,Clinical,Canada/Alberta,Clade A
ERR374902,Clinical,United Kingdom,Clade A
ERR1156253,Agricultural,United Kingdom,Clade A
ERR1156266,Agricultural,United Kingdom,Clade A
SRR14024949,Agricultural,Canada/Alberta,Clade B
ERR374924,Clinical,United Kingdom,Clade A
ERR1156311,Agricultural,United Kingdom,Clade A
ERR987618,Wastewater Mun.,United Kingdom,Clade B
ERR1156258,Agricultural,United Kingdom,Clade A
ERR985134,Wastewater Mun.,United Kingdom,Clade A
ERR987603,Wastewater Mun.,United Kingdom,Clade B
ERR1100599,Agricultural,United Kingdom,Clade A
SRR14022757,Wastewater Mun.,Canada/Alberta,Clade B
SRR14026454,Wastewater Agr.,Canada/Alberta,Clade B
ERR987609,Wastewater Mun.,United Kingdom,Clade B
ERR985104,Wastewater Mun.,United Kingdom,Clade B
ERR370015,Clinical,United Kingdom,Clade A
ERR375323,Clinical,United Kingdom,Clade A
ERR985015,Wastewater Mun.,United Kingdom,Clade A
ERR1156203,Agricultural,United Kingdom,Clade A
ERR1156290,Agricultural,United Kingdom,Clade A
ERR985127,Wastewater Mun.,United Kingdom,Clade A
SRR14026450,Natural Water,Canada/Alberta,Clade B
ERR1156267,Agricultural,United Kingdom,Clade A
SRR14026452,Natural Water,Canada/Alberta,Clade A
ERR987646,Wastewater Mun.,United Kingdom,Clade A
ERR985092,Wastewater Mun.,United Kingdom,Clade A
SRR14022763,Wastewater Mun.,Canada/Alberta,Clade B
ERR987621,Wastewater Mun.,United Kingdom,Clade A
ERR1156274,Agricultural,United Kingdom,Clade A
ERR1036078,Wastewater Mun.,United Kingdom,Clade A
SRR14024990,Agricultural,Canada/Alberta,Clade A
ERR377485,Clinical,United Kingdom,Clade A
ERR987643,Wastewater Mun.,United Kingdom,Clade A
SRR14026460,Natural Water,Canada/Alberta,Clade B
ERR987535,Wastewater Mun.,United Kingdom,Clade A
ERR1100635,Agricultural,United Kingdom,Clade A
SRR14026494,Natural Water,Canada/Alberta,Clade B
ERR1100551,Agricultural,United Kingdom,Clade B
ERR374873,Clinical,United Kingdom,Clade A
ERR1156237,Agricultural,United Kingdom,Clade A
ERR985126,Wastewater Mun.,United Kingdom,Clade A
ERR375115,Clinical,United Kingdom,Clade B
SRR14026526,Clinical,Canada/Alberta,Clade B
ERR1100591,Agricultural,United Kingdom,Clade A
ERR1100638,Agricultural,United Kingdom,Clade A
ERR1156303,Agricultural,United Kingdom,Clade A
ERR370030,Clinical,United Kingdom,Clade A
SRR14026445,Natural Water,Canada/Alberta,Clade A
SRR14026527,Clinical,Canada/Alberta,Clade B
ERR985090,Wastewater Mun.,United Kingdom,Clade A
ERR1156188,Agricultural,United Kingdom,Clade A
SRR14026469,Natural Water,Canada/Alberta,Clade B
ERR1156299,Agricultural,United Kingdom,Clade A
ERR1156265,Agricultural,United Kingdom,Clade A
ERR1100614,Agricultural,United Kingdom,Clade B
ERR987517,Wastewater Mun.,United Kingdom,Clade B
ERR374929,Clinical,United Kingdom,Clade A
ERR987589,Wastewater Mun.,United Kingdom,Clade B
SRR14024989,Agricultural,Canada/Alberta,Clade B
ERR1156228,Agricultural,United Kingdom,Clade A
ERR987569,Wastewater Mun.,United Kingdom,Clade B
SRR14026464,Wastewater Agr.,Canada/Alberta,Clade B
ERR987501,Wastewater Mun.,United Kingdom,Clade B
SRR14026528,Agricultural,Canada/Alberta,Clade B
ERR1156295,Agricultural,United Kingdom,Clade A
ERR375215,Clinical,United Kingdom,Clade A
ERR1100539,Agricultural,United Kingdom,Clade A
ERR985010,Wastewater Mun.,United Kingdom,Clade B
ERR370012,Clinical,United Kingdom,Clade A
SRR14022744,Wastewater Mun.,Canada/Alberta,Clade B
ERR1100586,Agricultural,United Kingdom,Clade A
ERR987576,Wastewater Mun.,United Kingdom,Clade A
ERR375583,Clinical,United Kingdom,Clade A
SRR14022783,Wastewater Mun.,Canada/Alberta,Clade B
ERR1100527,Agricultural,United Kingdom,Clade B
ERR987499,Wastewater Mun.,United Kingdom,Clade A
ERR375047,Clinical,United Kingdom,Clade B
SRR14026499,Wastewater Agr.,Canada/Alberta,Clade B
ERR987570,Wastewater Mun.,United Kingdom,Clade A
SRR14026457,Natural Water,Canada/Alberta,Clade A
ERR375422,Clinical,United Kingdom,Clade A
ERR1036024,Wastewater Mun.,United Kingdom,Clade A
ERR1156291,Agricultural,United Kingdom,Clade A
ERR987588,Wastewater Mun.,United Kingdom,Clade B
ERR375376,Clinical,United Kingdom,Clade A
SRR14022774,Wastewater Mun.,Canada/Alberta,Clade B
SRR14026477,Natural Water,Canada/Alberta,Clade B
SRR14022767,Wastewater Mun.,Canada/Alberta,Clade B
ERR987635,Wastewater Mun.,United Kingdom,Clade B
ERR1100639,Agricultural,United Kingdom,Clade A
SRR14024954,Agricultural,Canada/Alberta,Clade B
ERR1036077,Wastewater Mun.,United Kingdom,Clade A
ERR987632,Wastewater Mun.,United Kingdom,Clade B
ERR987638,Wastewater Mun.,United Kingdom,Clade A
SRR14022738,Wastewater Mun.,Canada/Alberta,Clade B
ERR1156310,Agricultural,United Kingdom,Clade A
ERR984986,Wastewater Mun.,United Kingdom,Clade A
ERR987558,Wastewater Mun.,United Kingdom,Clade B
ERR1156300,Agricultural,United Kingdom,Clade A
SRR14024979,Agricultural,Canada/Alberta,Clade B
ERR1100573,Agricultural,United Kingdom,Clade A
ERR984996,Wastewater Mun.,United Kingdom,Clade A
ERR1156272,Agricultural,United Kingdom,Clade A
ERR375567,Clinical,United Kingdom,Clade B
SRR14026498,Natural Water,Canada/Alberta,Clade B
SRR14026541,Agricultural,Canada/Alberta,Clade B
SRR14022761,Wastewater Mun.,Canada/Alberta,Clade A
SRR14026468,Wastewater Agr.,Canada/Alberta,Clade B
ERR1156312,Agricultural,United Kingdom,Clade A
ERR1100541,Agricultural,United Kingdom,Clade A
ERR985108,Wastewater Mun.,United Kingdom,Clade A
SRR14022772,Wastewater Mun.,Canada/Alberta,Clade B
SRR14026482,Natural Water,Canada/Alberta,Clade B
ERR1156248,Agricultural,United Kingdom,Clade A
SRR14026505,Wastewater Agr.,Canada/Alberta,Clade B
SRR14022760,Wastewater Mun.,Canada/Alberta,Clade B
ERR987631,Wastewater Mun.,United Kingdom,Clade A
SRR14026504,Natural Water,Canada/Alberta,Clade B
ERR1100537,Agricultural,United Kingdom,Clade A
ERR1100569,Agricultural,United Kingdom,Clade A
SRR14026458,Wastewater Agr.,Canada/Alberta,Clade B
ERR1156296,Agricultural,United Kingdom,Clade A
SRR14026543,Agricultural,Canada/Alberta,Clade B
SRR14026449,Wastewater Agr.,Canada/Alberta,Clade B
ERR375572,Clinical,United Kingdom,Clade A
SRR14026443,Natural Water,Canada/Alberta,Clade B
SRR14026533,Wastewater Agr.,Canada/Alberta,Clade A
ERR987533,Wastewater Mun.,United Kingdom,Clade A
ERR987595,Wastewater Mun.,United Kingdom,Clade B
SRR14026524,Clinical,Canada/Alberta,Clade B
ERR1156186,Agricultural,United Kingdom,Clade A
SRR14026470,Wastewater Agr.,Canada/Alberta,Clade A
ERR987642,Wastewater Mun.,United Kingdom,Clade A
ERR375339,Clinical,United Kingdom,Clade A
SRR14024959,Agricultural,Canada/Alberta,Clade B
ERR987503,Wastewater Mun.,United Kingdom,Clade A
SRR14026509,Clinical,Canada/Alberta,Clade B
SRR14024974,Agricultural,Canada/Alberta,Clade A
ERR1156233,Agricultural,United Kingdom,Clade A
SRR14026486,Natural Water,Canada/Alberta,Clade B
SRR14022752,Wastewater Mun.,Canada/Alberta,Clade B
SRR14022747,Wastewater Mun.,Canada/Alberta,Clade A
ERR1156252,Agricultural,United Kingdom,Clade A
ERR1036034,Wastewater Mun.,United Kingdom,Clade A
SRR14022780,Wastewater Mun.,Canada/Alberta,Clade B
ERR377516,Clinical,United Kingdom,Clade A
SRR14022748,Wastewater Mun.,Canada/Alberta,Clade A
ERR1100606,Agricultural,United Kingdom,Clade A
ERR1156182,Agricultural,United Kingdom,Clade A
SRR14022739,Wastewater Mun.,Canada/Alberta,Clade B
SRR14022758,Wastewater Mun.,Canada/Alberta,Clade B
SRR14026473,Natural Water,Canada/Alberta,Clade B
ERR1036033,Wastewater Mun.,United Kingdom,Clade A
SRR14026502,Wastewater Agr.,Canada/Alberta,Clade B
ERR1156183,Agricultural,United Kingdom,Clade A
ERR1100572,Agricultural,United Kingdom,Clade A
SRR14026476,Natural Water,Canada/Alberta,Clade A
SRR14026497,Wastewater Agr.,Canada/Alberta,Clade A
SRR14026542,Clinical,Canada/Alberta,Clade A
SRR14026547,Clinical,Canada/Alberta,Clade B
SRR14025003,Agricultural,Canada/Alberta,Clade B
SRR14026508,Agricultural,Canada/Alberta,Clade A
SRR14026463,Natural Water,Canada/Alberta,Clade A
ERR1036065,Wastewater Mun.,United Kingdom,Clade A
SRR14024957,Agricultural,Canada/Alberta,Clade B
SRR14024956,Agricultural,Canada/Alberta,Clade B
ERR1156230,Agricultural,United Kingdom,Clade A
ERR987641,Wastewater Mun.,United Kingdom,Clade B
SRR14024970,Agricultural,Canada/Alberta,Clade A
ERR1036075,Wastewater Mun.,United Kingdom,Clade A
ERR1100556,Agricultural,United Kingdom,Clade A
ERR1156250,Agricultural,United Kingdom,Clade A
ERR1156236,Agricultural,United Kingdom,Clade A
ERR987596,Wastewater Mun.,United Kingdom,Clade B
ERR1069045,Wastewater Mun.,United Kingdom,Clade B
ERR1156192,Agricultural,United Kingdom,Clade A
ERR987504,Wastewater Mun.,United Kingdom,Clade A
SRR14022753,Wastewater Mun.,Canada/Alberta,Clade B
SRR14022754,Wastewater Mun.,Canada/Alberta,Clade B
ERR1100604,Agricultural,United Kingdom,Clade A
SRR14026500,Natural Water,Canada/Alberta,Clade A
ERR984993,Wastewater Mun.,United Kingdom,Clade A
SRR14026513,Wastewater Agr.,Canada/Alberta,Clade A
SRR14024984,Agricultural,Canada/Alberta,Clade A
SRR14026451,Natural Water,Canada/Alberta,Clade B
SRR14026491,Natural Water,Canada/Alberta,Clade A
SRR14026532,Wastewater Agr.,Canada/Alberta,Clade A
ERR1100603,Agricultural,United Kingdom,Clade A
ERR1156217,Agricultural,United Kingdom,Clade A
ERR1156320,Agricultural,United Kingdom,Clade A
SRR14022781,Wastewater Mun.,Canada/Alberta,Clade B
ERR985086,Wastewater Mun.,United Kingdom,Clade A
ERR987625,Wastewater Mun.,United Kingdom,Clade B
SRR14022755,Wastewater Mun.,Canada/Alberta,Clade A
ERR987591,Wastewater Mun.,United Kingdom,Clade A
ERR1156301,Agricultural,United Kingdom,Clade A
SRR14022751,Wastewater Mun.,Canada/Alberta,Clade A
ERR1100630,Agricultural,United Kingdom,Clade A
SRR14024953,Agricultural,Canada/Alberta,Clade A
ERR1156189,Agricultural,United Kingdom,Clade A
ERR1100587,Agricultural,United Kingdom,Clade A
SRR14026453,Natural Water,Canada/Alberta,Clade A
ERR1100637,Agricultural,United Kingdom,Clade A
ERR1156268,Agricultural,United Kingdom,Clade A
SRR14025001,Agricultural,Canada/Alberta,Clade A
SRR14026488,Natural Water,Canada/Alberta,Clade A
SRR14022776,Wastewater Mun.,Canada/Alberta,Clade A
ERR1100584,Agricultural,United Kingdom,Clade A
SRR14022775,Wastewater Mun.,Canada/Alberta,Clade B
ERR1156289,Agricultural,United Kingdom,Clade A
SRR14022746,Wastewater Mun.,Canada/Alberta,Clade B
SRR14026475,Wastewater Agr.,Canada/Alberta,Clade B
ERR1156309,Agricultural,United Kingdom,Clade A
SRR14026446,Natural Water,Canada/Alberta,Clade A
ERR985105,Wastewater Mun.,United Kingdom,Clade A
ERR987624,Wastewater Mun.,United Kingdom,Clade B
SRR14026503,Natural Water,Canada/Alberta,Clade A
ERR1156199,Agricultural,United Kingdom,Clade A
SRR14024972,Agricultural,Canada/Alberta,Clade A
SRR14026512,Wastewater Agr.,Canada/Alberta,Clade A
SRR14026478,Natural Water,Canada/Alberta,Clade A
ERR987518,Wastewater Mun.,United Kingdom,Clade A
SRR14024961,Agricultural,Canada/Alberta,Clade A
ERR1100608,Agricultural,United Kingdom,Clade A
ERR987598,Wastewater Mun.,United Kingdom,Clade A
SRR14024978,Agricultural,Canada/Alberta,Clade A
ERR1100562,Agricultural,United Kingdom,Clade A
ERR1100563,Agricultural,United Kingdom,Clade A
ERR987554,Wastewater Mun.,United Kingdom,Clade A
SRR14022750,Wastewater Mun.,Canada/Alberta,Clade B
ERR1036041,Wastewater Mun.,United Kingdom,Clade B
SRR14022779,Wastewater Mun.,Canada/Alberta,Clade B
ERR1100559,Agricultural,United Kingdom,Clade A
ERR374720,Clinical,United Kingdom,Clade B
ERR1156187,Agricultural,United Kingdom,Clade A
ERR987513,Wastewater Mun.,United Kingdom,Clade A
ERR375189,Clinical,United Kingdom,Clade B
ERR984988,Wastewater Mun.,United Kingdom,Clade A
ERR369955,Clinical,United Kingdom,Clade A
SRR14026507,Wastewater Agr.,Canada/Alberta,Clade B
ERR1100613,Agricultural,United Kingdom,Clade A
ERR1100631,Agricultural,United Kingdom,Clade A
ERR1007500,Agricultural,United Kingdom,Clade A
ERR987634,Wastewater Mun.,United Kingdom,Clade A
ERR1156305,Agricultural,United Kingdom,Clade A
ERR985095,Wastewater Mun.,United Kingdom,Clade A
ERR984979,Wastewater Mun.,United Kingdom,Clade A
ERR1156247,Agricultural,United Kingdom,Clade A
SRR14026481,Wastewater Agr.,Canada/Alberta,Clade A
SRR14026455,Wastewater Agr.,Canada/Alberta,Clade B
ERR987531,Wastewater Mun.,United Kingdom,Clade A
ERR1100605,Agricultural,United Kingdom,Clade A
SRR14022734,Wastewater Mun.,Canada/Alberta,Clade A
SRR14026459,Natural Water,Canada/Alberta,Clade A
ERR1007501,Agricultural,United Kingdom,Clade A
SRR14024995,Agricultural,Canada/Alberta,Clade A
ERR987581,Wastewater Mun.,United Kingdom,Clade A
SRR14026472,Natural Water,Canada/Alberta,Clade A
ERR1100620,Agricultural,United Kingdom,Clade A
ERR1100624,Agricultural,United Kingdom,Clade A
ERR1100633,Agricultural,United Kingdom,Clade A
ERR1100565,Agricultural,United Kingdom,Clade A
SRR14024964,Agricultural,Canada/Alberta,Clade B
SRR14022745,Wastewater Mun.,Canada/Alberta,Clade A
ERR374951,Clinical,United Kingdom,Clade A
ERR1100577,Agricultural,United Kingdom,Clade A
SRR14026493,Wastewater Agr.,Canada/Alberta,Clade B
ERR985087,Wastewater Mun.,United Kingdom,Clade B
SRR14024975,Agricultural,Canada/Alberta,Clade A
ERR1156313,Agricultural,United Kingdom,Clade A
ERR1100625,Agricultural,United Kingdom,Clade A
ERR985004,Wastewater Mun.,United Kingdom,Clade B
ERR1156210,Agricultural,United Kingdom,Clade A
SRR14026465,Natural Water,Canada/Alberta,Clade A
SRR14026492,Natural Water,Canada/Alberta,Clade B
SRR14026489,Natural Water,Canada/Alberta,Clade B
ERR1100538,Agricultural,United Kingdom,Clade A
SRR14025000,Agricultural,Canada/Alberta,Clade A
SRR14026487,Natural Water,Canada/Alberta,Clade A
ERR1156241,Agricultural,United Kingdom,Clade A
ERR1100529,Agricultural,United Kingdom,Clade A
SRR14024967,Agricultural,Canada/Alberta,Clade A
ERR1100557,Agricultural,United Kingdom,Clade A
ERR987560,Wastewater Mun.,United Kingdom,Clade A
ERR1156185,Agricultural,United Kingdom,Clade A
SRR14026495,Natural Water,Canada/Alberta,Clade A
ERR1100552,Agricultural,United Kingdom,Clade A
SRR14026548,Clinical,Canada/Alberta,Clade A
ERR987622,Wastewater Mun.,United Kingdom,Clade A
SRR14024966,Agricultural,Canada/Alberta,Clade A
SRR14024991,Agricultural,Canada/Alberta,Clade B
ERR1216304,Agricultural,United Kingdom,Clade A
SRR14026440,Natural Water,Canada/Alberta,Clade A
SRR14022737,Wastewater Mun.,Canada/Alberta,Clade A
ERR1100622,Agricultural,United Kingdom,Clade A
SRR14022741,Wastewater Mun.,Canada/Alberta,Clade B
ERR987522,Wastewater Mun.,United Kingdom,Clade A
ERR1036032,Wastewater Mun.,United Kingdom,Clade A
ERR987532,Wastewater Mun.,United Kingdom,Clade A
ERR1156269,Agricultural,United Kingdom,Clade A
SRR14026506,Wastewater Agr.,Canada/Alberta,Clade A
ERR984999,Wastewater Mun.,United Kingdom,Clade A
SRR14024998,Agricultural,Canada/Alberta,Clade A
SRR14025002,Agricultural,Canada/Alberta,Clade A
ERR1100536,Agricultural,United Kingdom,Clade A
ERR1100535,Agricultural,United Kingdom,Clade A
SRR14022749,Wastewater Mun.,Canada/Alberta,Clade A
SRR14024980,Agricultural,Canada/Alberta,Clade A
SRR14026496,Natural Water,Canada/Alberta,Clade A
ERR1100621,Agricultural,United Kingdom,Clade A
ERR1100632,Agricultural,United Kingdom,Clade A
ERR1156243,Agricultural,United Kingdom,Clade A
SRR14026485,Wastewater Agr.,Canada/Alberta,Clade A
ERR987647,Wastewater Mun.,United Kingdom,Clade B
SRR14024960,Agricultural,Canada/Alberta,Clade A
ERR1156244,Agricultural,United Kingdom,Clade A
SRR14024976,Agricultural,Canada/Alberta,Clade A
ERR1156270,Agricultural,United Kingdom,Clade A
SRR14024963,Agricultural,Canada/Alberta,Clade A
ERR987505,Wastewater Mun.,United Kingdom,Clade A
ERR374726,Clinical,United Kingdom,Clade A
ERR1156276,Agricultural,United Kingdom,Clade A
ERR1156287,Agricultural,United Kingdom,Clade A
ERR1100579,Agricultural,United Kingdom,Clade A
ERR987587,Wastewater Mun.,United Kingdom,Clade A
ERR1216305,Agricultural,United Kingdom,Clade A
ERR1156318,Agricultural,United Kingdom,Clade A
SRR14022740,Wastewater Mun.,Canada/Alberta,Clade A
SRR14026462,Natural Water,Canada/Alberta,Clade A
ERR987555,Wastewater Mun.,United Kingdom,Clade A
ERR375150,Clinical,United Kingdom,Clade A
ERR1156288,Agricultural,United Kingdom,Clade A
ERR369957,Clinical,United Kingdom,Clade A
ERR1156273,Agricultural,United Kingdom,Clade A
ERR1156246,Agricultural,United Kingdom,Clade A
SRR14026490,Natural Water,Canada/Alberta,Clade A
ERR1156227,Agricultural,United Kingdom,Clade A
ERR987534,Wastewater Mun.,United Kingdom,Clade A
ERR987561,Wastewater Mun.,United Kingdom,Clade B
ERR1156201,Agricultural,United Kingdom,Clade A
ERR987599,Wastewater Mun.,United Kingdom,Clade A
SRR14024971,Agricultural,Canada/Alberta,Clade A
ERR1100585,Agricultural,United Kingdom,Clade A
ERR1156264,Agricultural,United Kingdom,Clade A
SRR14026467,Natural Water,Canada/Alberta,Clade A
SRR14024948,Agricultural,Canada/Alberta,Clade A
ERR984992,Wastewater Mun.,United Kingdom,Clade A
SRR14026444,Natural Water,Canada/Alberta,Clade A
ERR985011,Wastewater Mun.,United Kingdom,Clade A
ERR1100610,Agricultural,United Kingdom,Clade A
ERR1156181,Agricultural,United Kingdom,Clade A
ERR1156242,Agricultural,United Kingdom,Clade A
SRR14022736,Wastewater Mun.,Canada/Alberta,Clade A
SRR14026484,Natural Water,Canada/Alberta,Clade A
ERR1156226,Agricultural,United Kingdom,Clade A
SRR14026520,Agricultural,Canada/Alberta,Clade A
ERR987594,Wastewater Mun.,United Kingdom,Clade A
SRR14022742,Wastewater Mun.,Canada/Alberta,Clade A
ERR375571,Clinical,United Kingdom,Clade A
ERR375069,Clinical,United Kingdom,Clade A
SRR14024986,Agricultural,Canada/Alberta,Clade A
ERR1156304,Agricultural,United Kingdom,Clade A
ERR374734,Clinical,United Kingdom,Clade A
ERR1156251,Agricultural,United Kingdom,Clade A
ERR1156286,Agricultural,United Kingdom,Clade A
SRR14026483,Natural Water,Canada/Alberta,Clade A
ERR1156249,Agricultural,United Kingdom,Clade A
ERR1100528,Agricultural,United Kingdom,Clade A
ERR1100554,Agricultural,United Kingdom,Clade A
ERR1100534,Agricultural,United Kingdom,Clade A
SRR14024981,Agricultural,Canada/Alberta,Clade A
ERR985077,Wastewater Mun.,United Kingdom,Clade A
SRR14026474,Natural Water,Canada/Alberta,Clade A
ERR1156245,Agricultural,United Kingdom,Clade A
SRR14026442,Wastewater Agr.,Canada/Alberta,Clade A
ERR1100581,Agricultural,United Kingdom,Clade A
SRR14024996,Agricultural,Canada/Alberta,Clade A
SRR14024962,Agricultural,Canada/Alberta,Clade A
SRR14024994,Agricultural,Canada/Alberta,Clade A
SRR14026549,Wastewater Agr.,Canada/Alberta,Clade A
SRR14026456,Wastewater Agr.,Canada/Alberta,Clade A
ERR1156200,Agricultural,United Kingdom,Clade A
ERR985124,Wastewater Mun.,United Kingdom,Clade A
ERR1156211,Agricultural,United Kingdom,Clade A
ERR1100616,Agricultural,United Kingdom,Clade A
ERR985106,Wastewater Mun.,United Kingdom,Clade A
ERR375573,Clinical,United Kingdom,Clade A
ERR375576,Clinical,United Kingdom,Clade A
SRR14024993,Agricultural,Canada/Alberta,
SRR14026522,Wastewater Agr.,Canada/Alberta,Clade A
ERR987608,Wastewater Mun.,United Kingdom,Clade A
ERR375580,Clinical,United Kingdom,Clade A
ERR1100595,Agricultural,United Kingdom,Clade A
